name,imo,mmsi,callsign,source_list,source_url,track_sanctions,track_shadowfleet,track_falseflag,track_behavior,track_russian_mmsi,watch_priority,notes
ANGARA,9179842,,,EU_Annex_XLII,https://www.dma.dk/growth-and-framework-conditions/maritime-sanctions/sanctions-against-russia-and-belarus/eu-vessel-designations,true,true,false,false,false,high,EU designated vessel
MARIA,8517839,,,EU_Annex_XLII,https://www.dma.dk/growth-and-framework-conditions/maritime-sanctions/sanctions-against-russia-and-belarus/eu-vessel-designations,true,true,false,false,false,high,EU designated vessel
SAAM FSU,9915090,,,EU_Annex_XLII,https://www.dma.dk/growth-and-framework-conditions/maritime-sanctions/sanctions-against-russia-and-belarus/eu-vessel-designations,true,true,false,false,false,high,EU designated vessel
KORYAK FSU,9915105,,,EU_Annex_XLII,https://www.dma.dk/growth-and-framework-conditions/maritime-sanctions/sanctions-against-russia-and-belarus/eu-vessel-designations,true,true,false,false,false,high,EU designated vessel
KAVYA,9353113,,,EU_Annex_XLII,https://www.dma.dk/growth-and-framework-conditions/maritime-sanctions/sanctions-against-russia-and-belarus/eu-vessel-designations,true,true,false,false,false,high,formerly Hana
N CERNA,9289520,,,EU_Annex_XLII,https://www.dma.dk/growth-and-framework-conditions/maritime-sanctions/sanctions-against-russia-and-belarus/eu-vessel-designations,true,true,false,false,false,high,formerly Canis Power
APAR,9402471,,,EU_Annex_XLII,https://www.dma.dk/growth-and-framework-conditions/maritime-sanctions/sanctions-against-russia-and-belarus/eu-vessel-designations,true,true,false,false,false,high,formerly Feng Shou; Andromeda Star
LEGACY,9339337,,,EU_Annex_XLII,https://www.dma.dk/growth-and-framework-conditions/maritime-sanctions/sanctions-against-russia-and-belarus/eu-vessel-designations,true,true,false,false,false,high,formerly NS Lotus
SAGA,9318553,,,EU_Annex_XLII,https://www.dma.dk/growth-and-framework-conditions/maritime-sanctions/sanctions-against-russia-and-belarus/eu-vessel-designations,true,true,false,false,false,high,formerly NS Spirit
SERENADE,9318541,,,EU_AnnEX_XLII,https://www.dma.dk/growth-and-framework-conditions/maritime-sanctions/sanctions-against-russia-and-belarus/eu-vessel-designations,true,true,false,false,false,high,formerly NS Stream
SUCCESS,9333436,,,EU_Annex_XLII,https://www.dma.dk/growth-and-framework-conditions/maritime-sanctions/sanctions-against-russia-and-belarus/eu-vessel-designations,true,true,false,false,false,high,formerly SCF Amur
LADY R,9161003,,,EU_Annex_XLII,https://www.dma.dk/growth-and-framework-conditions/maritime-sanctions/sanctions-against-russia-and-belarus/eu-vessel-designations,true,true,false,false,false,critical,EU designated vessel
MAIA-1,9358010,,,EU_Annex_XLII,https://www.dma.dk/growth-and-framework-conditions/maritime-sanctions/sanctions-against-russia-and-belarus/eu-vessel-designations,true,true,false,false,false,high,EU designated vessel
HUNTER STAR,9830769,,,EU_Annex_XLII,https://www.dma.dk/growth-and-framework-conditions/maritime-sanctions/sanctions-against-russia-and-belarus/eu-vessel-designations,true,true,false,false,false,high,EU designated vessel
DAKSHA,9259185,,,EU_Annex_XLII,https://www.dma.dk/growth-and-framework-conditions/maritime-sanctions/sanctions-against-russia-and-belarus/eu-vessel-designations,true,true,false,false,false,high,formerly Hebe
ENISEY,9079169,,,EU_Annex_XLII,https://www.dma.dk/growth-and-framework-conditions/maritime-sanctions/sanctions-against-russia-and-belarus/eu-vessel-designations,true,true,false,false,false,high,EU designated vessel
KELLY GRACE,9331141,,,EU_Annex_XLII,https://www.dma.dk/growth-and-framework-conditions/maritime-sanctions/sanctions-against-russia-and-belarus/eu-vessel-designations,true,true,false,false,false,high,formerly Vela Rain
OZANNO,9394935,,,EU_Annex_XLII,https://www.dma.dk/growth-and-framework-conditions/maritime-sanctions/sanctions-against-russia-and-belarus/eu-vessel-designations,true,true,false,false,false,high,formerly Ocean AMZ
DELVINA,9331153,,,EU_Annex_XLII,https://www.dma.dk/growth-and-framework-conditions/maritime-sanctions/sanctions-against-russia-and-belarus/eu-vessel-designations,true,true,false,false,false,high,formerly Galian 2
BODHI,9144782,,,EU_Annex_XLII,https://www.dma.dk/growth-and-framework-conditions/maritime-sanctions/sanctions-against-russia-and-belarus/eu-vessel-designations,true,true,false,false,false,high,formerly Robon
LUNAR TIDE,9277735,,,EU_Annex_XLII,https://www.dma.dk/growth-and-framework-conditions/maritime-sanctions/sanctions-against-russia-and-belarus/eu-vessel-designations,true,true,false,false,false,high,formerly Beks Aqua
KEMEROVO,9312884,,,EU_Annex_XLII,https://www.dma.dk/growth-and-framework-conditions/maritime-sanctions/sanctions-against-russia-and-belarus/eu-vessel-designations,true,true,false,false,false,high,EU designated vessel
KRYMSK,9270529,,,EU_Annex_XLII,https://www.dma.dk/growth-and-framework-conditions/maritime-sanctions/sanctions-against-russia-and-belarus/eu-vessel-designations,true,true,false,false,false,high,EU designated vessel
KRASNOYARSK,9312896,,,EU_Annex_XLII,https://www.dma.dk/growth-and-framework-conditions/maritime-sanctions/sanctions-against-russia-and-belarus/eu-vessel-designations,true,true,false,false,false,high,EU designated vessel
KALININGRAD,9341067,,,EU_Annex_XLII,https://www.dma.dk/growth-and-framework-conditions/maritime-sanctions/sanctions-against-russia-and-belarus/eu-vessel-designations,true,true,false,false,false,critical,EU designated vessel
DASHAN,9299666,,,EU_Annex_XLII,https://www.dma.dk/growth-and-framework-conditions/maritime-sanctions/sanctions-against-russia-and-belarus/eu-vessel-designations,true,true,false,false,false,high,formerly Mianzimu
SPUTNIK ENERGY,9256602,,,EU_Annex_XLII,https://www.dma.dk/growth-and-framework-conditions/maritime-sanctions/sanctions-against-russia-and-belarus/eu-vessel-designations,true,true,false,false,false,high,formerly Pioneer
ALISSA,9273052,,,EU_Annex_XLII,https://www.dma.dk/growth-and-framework-conditions/maritime-sanctions/sanctions-against-russia-and-belarus/eu-vessel-designations,true,true,false,false,false,high,EU designated vessel
MARABELLA SUN,9323376,,,EU_Annex_XLII,https://www.dma.dk/growth-and-framework-conditions/maritime-sanctions/sanctions-against-russia-and-belarus/eu-vessel-designations,true,true,false,false,false,high,EU designated vessel
CHRISTOPHE DE MARGERIE,9737187,,,EU_Annex_XLII,https://www.dma.dk/growth-and-framework-conditions/maritime-sanctions/sanctions-against-russia-and-belarus/eu-vessel-designations,true,true,false,false,false,critical,EU designated vessel
ALTAIR,9413547,,,EU_Annex_XLII,https://www.dma.dk/growth-and-framework-conditions/maritime-sanctions/sanctions-against-russia-and-belarus/eu-vessel-designations,true,true,false,false,false,high,EU designated vessel
PETA LUMINA,9296391,,,EU_Annex_XLII,https://www.dma.dk/growth-and-framework-conditions/maritime-sanctions/sanctions-against-russia-and-belarus/eu-vessel-designations,true,true,false,false,false,high,EU designated vessel
SAN DAMIAN,9274331,,,EU_Annex_XLII,https://www.dma.dk/growth-and-framework-conditions/maritime-sanctions/sanctions-against-russia-and-belarus/eu-vessel-designations,true,true,false,false,false,high,EU designated vessel
SAN COSMAS,9274343,,,EU_Annex_XLII,https://www.dma.dk/growth-and-framework-conditions/maritime-sanctions/sanctions-against-russia-and-belarus/eu-vessel-designations,true,true,false,false,false,high,EU designated vessel
MONTE BIANCO,9385233,,,EU_Annex_XLII,https://www.dma.dk/growth-and-framework-conditions/maritime-sanctions/sanctions-against-russia-and-belarus/eu-vessel-designations,true,true,false,false,false,high,formerly San Severus
GALAXY,9826902,,,EU_AnnEX_XLII,https://www.dma.dk/growth-and-framework-conditions/maritime-sanctions/sanctions-against-russia-and-belarus/eu-vessel-designations,true,true,false,false,false,high,EU designated vessel
RIGEL,9511533,,,EU_Annex_XLII,https://www.dma.dk/growth-and-framework-conditions/maritime-sanctions/sanctions-against-russia-and-belarus/eu-vessel-designations,true,true,false,false,false,high,EU designated vessel
CASSIOPEIA,9341081,,,EU_Annex_XLII,https://www.dma.dk/growth-and-framework-conditions/maritime-sanctions/sanctions-against-russia-and-belarus/eu-vessel-designations,true,true,false,false,false,high,EU designated vessel
CONSTELLATION,9306794,,,EU_Annex_XLII,https://www.dma.dk/growth-and-framework-conditions/maritime-sanctions/sanctions-against-russia-and-belarus/eu-vessel-designations,true,true,false,false,false,high,EU designated vessel
ANDROMEDA,9292204,,,EU_Annex_XLII,https://www.dma.dk/growth-and-framework-conditions/maritime-sanctions/sanctions-against-russia-and-belarus/eu-vessel-designations,true,true,false,false,false,high,EU designated vessel
CALLISTO,9299692,,,EU_Annex_XLII,https://www.dma.dk/growth-and-framework-conditions/maritime-sanctions/sanctions-against-russia-and-belarus/eu-vessel-designations,true,true,false,false,false,high,EU designated vessel
ALLIANCE,9413561,,,EU_Annex_XLII,https://www.dma.dk/growth-and-framework-conditions/maritime-sanctions/sanctions-against-russia-and-belarus/eu-vessel-designations,true,true,false,false,false,high,EU designated vessel
PHOENIX,9333424,,,EU_Annex_XLII,https://www.dma.dk/growth-and-framework-conditions/maritime-sanctions/sanctions-against-russia-and-belarus/eu-vessel-designations,true,true,false,false,false,high,EU designated vessel
LEO,9412347,,,EU_AnnEX_XLII,https://www.dma.dk/growth-and-framework-conditions/maritime-sanctions/sanctions-against-russia-and-belarus/eu-vessel-designations,true,true,false,false,false,high,EU designated vessel
ZENITH,9610781,,,EU_Annex_XLII,https://www.dma.dk/growth-and-framework-conditions/maritime-sanctions/sanctions-against-russia-and-belarus/eu-vessel-designations,true,true,false,false,false,high,EU designated vessel
TURBO VOYAGER,9299898,,,EU_Annex_XLII,https://www.dma.dk/growth-and-framework-conditions/maritime-sanctions/sanctions-against-russia-and-belarus/eu-vessel-designations,true,true,false,false,false,high,EU designated vessel
SIRIUS,9422445,,,EU_Annex_XLII,https://www.dma.dk/growth-and-framework-conditions/maritime-sanctions/sanctions-against-russia-and-belarus/eu-vessel-designations,true,true,false,false,false,high,EU designated vessel
SATURN,9421972,,,EU_AnnEX_XLII,https://www.dma.dk/growth-and-framework-conditions/maritime-sanctions/sanctions-against-russia-and-belarus/eu-vessel-designations,true,true,false,false,false,high,EU designated vessel
KRISHNA 1,9271585,,,EU_Annex_XLII,https://www.dma.dk/growth-and-framework-conditions/maritime-sanctions/sanctions-against-russia-and-belarus/eu-vessel-designations,true,true,false,false,false,high,EU designated vessel
VLADIMIR VINOGRADOV,9842188,,,EU_Annex_XLII,https://www.dma.dk/growth-and-framework-conditions/maritime-sanctions/sanctions-against-russia-and-belarus/eu-vessel-designations,true,true,false,false,false,critical,EU designated vessel
MERIDIAN,9511521,,,EU_Annex_XLII,https://www.dma.dk/growth-and-framework-conditions/maritime-sanctions/sanctions-against-russia-and-belarus/eu-vessel-designations,true,true,false,false,false,high,formerly Moskovsky Prospect
BOLERO,9412335,,,EU_Annex_XLII,https://www.dma.dk/growth-and-framework-conditions/maritime-sanctions/sanctions-against-russia-and-belarus/eu-vessel-designations,true,true,false,false,false,high,EU designated vessel
VEGA,9316127,,,EU_Annex_XLII,https://www.dma.dk/growth-and-framework-conditions/maritime-sanctions/sanctions-against-russia-and-belarus/eu-vessel-designations,true,true,false,false,false,high,EU designated vessel
TYAGARAJA,9327372,,,EU_Annex_XLII,https://www.dma.dk/growth-and-framework-conditions/maritime-sanctions/sanctions-against-russia-and-belarus/eu-vessel-designations,true,true,false,false,false,high,EU designated vessel
YI MENG SHAN,9436941,,,EU_Annex_XLII,https://www.dma.dk/growth-and-framework-conditions/maritime-sanctions/sanctions-against-russia-and-belarus/eu-vessel-designations,true,true,false,false,false,high,formerly Attica
LA PEROUSE,9849887,,,EU_Annex_XLII,https://www.dma.dk/growth-and-framework-conditions/maritime-sanctions/sanctions-against-russia-and-belarus/eu-vessel-designations,true,true,false,false,false,high,EU designated vessel
ECHO,9276030,,,EU_Annex_XLII,https://www.dma.dk/growth-and-framework-conditions/maritime-sanctions/sanctions-against-russia-and-belarus/eu-vessel-designations,true,true,false,false,false,high,formerly Elbrus
GEORGY MASLOV,9610793,,,EU_Annex_XLII,https://www.dma.dk/growth-and-framework-conditions/maritime-sanctions/sanctions-against-russia-and-belarus/eu-vessel-designations,true,true,false,false,false,high,EU designated vessel
PREMIER,9577082,,,EU_Annex_XLII,https://www.dma.dk/growth-and-framework-conditions/maritime-sanctions/sanctions-against-russia-and-belarus/eu-vessel-designations,true,true,false,false,false,high,EU designated vessel
PATHFINDER,9577094,,,EU_Annex_XLII,https://www.dma.dk/growth-and-framework-conditions/maritime-sanctions/sanctions-against-russia-and-belarus/eu-vessel-designations,true,true,false,false,false,high,EU designated vessel
SIERRA,9522324,,,EU_Annex_XLII,https://www.dma.dk/growth-and-framework-conditions/maritime-sanctions/sanctions-against-russia-and-belarus/eu-vessel-designations,true,true,false,false,false,high,EU designated vessel
TRUST,9382798,,,EU_Annex_XLII,https://www.dma.dk/growth-and-framework-conditions/maritime-sanctions/sanctions-against-russia-and-belarus/eu-vessel-designations,true,true,false,false,false,high,EU designated vessel
JAGUAR,9354301,,,EU_Annex_XLII,https://www.dma.dk/growth-and-framework-conditions/maritime-sanctions/sanctions-against-russia-and-belarus/eu-vessel-designations,true,true,false,false,false,high,formerly Zaliv Amerika
ZALIV AMURSKIY,9354313,,,EU_Annex_XLII,https://www.dma.dk/growth-and-framework-conditions/maritime-sanctions/sanctions-against-russia-and-belarus/eu-vessel-designations,true,true,false,false,false,high,EU designated vessel
AMBER 6,9235713,,,EU_Annex_XLII,https://www.dma.dk/growth-and-framework-conditions/maritime-sanctions/sanctions-against-russia-and-belarus/eu-vessel-designations,true,true,false,false,false,high,EU designated vessel
AREIA,9321847,,,EU_Annex_XLII,https://www.dma.dk/growth-and-framework-conditions/maritime-sanctions/sanctions-against-russia-and-belarus/eu-vessel-designations,true,true,false,false,false,high,formerly Emily S
FJORD SEAL,9513139,,,EU_Annex_XLII,https://www.dma.dk/growth-and-framework-conditions/maritime-sanctions/sanctions-against-russia-and-belarus/eu-vessel-designations,true,true,false,false,false,high,EU designated vessel
HEIDI A,9321976,,,EU_Annex_XLII,https://www.dma.dk/growth-and-framework-conditions/maritime-sanctions/sanctions-against-russia-and-belarus/eu-vessel-designations,true,true,false,false,false,high,EU designated vessel
OKEANSKY PROSPECT,9866380,,,EU_Annex_XLII,https://www.dma.dk/growth-and-framework-conditions/maritime-sanctions/sanctions-against-russia-and-belarus/eu-vessel-designations,true,true,false,false,false,high,EU designated vessel
CAPELLA,9341079,,,EU_Annex_XLII,https://www.dma.dk/growth-and-framework-conditions/maritime-sanctions/sanctions-against-russia-and-belarus/eu-vessel-designations,true,true,false,false,false,high,EU designated vessel
SIRI,9281683,,,EU_Annex_XLII,https://www.dma.dk/growth-and-framework-conditions/maritime-sanctions/sanctions-against-russia-and-belarus/eu-vessel-designations,true,true,false,false,false,high,EU designated vessel
NORTH WAY,9953535,,,EU_Annex_XLII,https://www.dma.dk/growth-and-framework-conditions/maritime-sanctions/sanctions-against-russia-and-belarus/eu-vessel-designations,true,true,false,false,false,high,EU designated vessel
NORTH SKY,9953523,,,EU_Annex_XLII,https://www.dma.dk/growth-and-framework-conditions/maritime-sanctions/sanctions-against-russia-and-belarus/eu-vessel-designations,true,true,false,false,false,high,EU designated vessel
NORTH AIR,9953509,,,EU_Annex_XLII,https://www.dma.dk/growth-and-framework-conditions/maritime-sanctions/sanctions-against-russia-and-belarus/eu-vessel-designations,true,true,false,false,false,high,EU designated vessel
NORTH MOUNTAIN,9953511,,,EU_Annex_XLII,https://www.dma.dk/growth-and-framework-conditions/maritime-sanctions/sanctions-against-russia-and-belarus/eu-vessel-designations,true,true,false,false,false,high,EU designated vessel
YURI SENKEVICH,9301419,,,EU_Annex_XLII,https://www.dma.dk/growth-and-framework-conditions/maritime-sanctions/sanctions-against-russia-and-belarus/eu-vessel-designations,true,true,false,false,false,high,EU designated vessel
BELGOROD,9412359,,,EU_Annex_XLII,https://www.dma.dk/growth-and-framework-conditions/maritime-sanctions/sanctions-against-russia-and-belarus/eu-vessel-designations,true,true,false,false,false,high,EU designated vessel
BRATSK,9411020,,,EU_Annex_XLII,https://www.dma.dk/growth-and-framework-conditions/maritime-sanctions/sanctions-against-russia-and-belarus/eu-vessel-designations,true,true,false,false,false,high,EU designated vessel
NIKOLAY ZADORNOV,9901037,,,EU_Annex_XLII,https://www.dma.dk/growth-and-framework-conditions/maritime-sanctions/sanctions-against-russia-and-belarus/eu-vessel-designations,true,true,false,false,false,high,EU designated vessel
VICTOR KONETSKY,9301421,,,EU_Annex_XLII,https://www.dma.dk/growth-and-framework-conditions/maritime-sanctions/sanctions-against-russia-and-belarus/eu-vessel-designations,true,true,false,false,false,high,EU designated vessel
VIKTOR TITOV,9301407,,,EU_Annex_XLII,https://www.dma.dk/growth-and-framework-conditions/maritime-sanctions/sanctions-against-russia-and-belarus/eu-vessel-designations,true,true,false,false,false,high,EU designated vessel
PAVEL CHERNYSH,9301380,,,EU_Annex_XLII,https://www.dma.dk/growth-and-framework-conditions/maritime-sanctions/sanctions-against-russia-and-belarus/eu-vessel-designations,true,true,false,false,false,high,EU designated vessel
CAPTAIN KOSTICHEV,9301392,,,EU_Annex_XLII,https://www.dma.dk/growth-and-framework-conditions/maritime-sanctions/sanctions-against-russia-and-belarus/eu-vessel-designations,true,true,false,false,false,high,EU designated vessel
XANTHOS EOS,9231212,,,EU_Annex_XLII,https://www.dma.dk/growth-and-framework-conditions/maritime-sanctions/sanctions-against-russia-and-belarus/eu-vessel-designations,true,true,false,false,false,high,formerly Mermar
SURREY QUAYS,9350654,,,EU_Annex_XLII,https://www.dma.dk/growth-and-framework-conditions/maritime-sanctions/sanctions-against-russia-and-belarus/eu-vessel-designations,true,true,false,false,false,high,EU designated vessel
NICHOLE,9332822,,,EU_Annex_XLII,https://www.dma.dk/growth-and-framework-conditions/maritime-sanctions/sanctions-against-russia-and-belarus/eu-vessel-designations,true,true,false,false,false,high,EU designated vessel
CRIUS,9251274,,,EU_Annex_XLII,https://www.dma.dk/growth-and-framework-conditions/maritime-sanctions/sanctions-against-russia-and-belarus/eu-vessel-designations,true,true,false,false,false,high,EU designated vessel
GREAT JACOMBO,9319703,,,EU_Annex_XLII,https://www.dma.dk/growth-and-framework-conditions/maritime-sanctions/sanctions-against-russia-and-belarus/eu-vessel-designations,true,true,false,false,false,high,EU designated vessel
CHEN LU,9404948,,,EU_Annex_XLII,https://www.dma.dk/growth-and-framework-conditions/maritime-sanctions/sanctions-against-russia-and-belarus/eu-vessel-designations,true,true,false,false,false,high,EU designated vessel
BULL,9292503,,,EU_Annex_XLII,https://www.dma.dk/growth-and-framework-conditions/maritime-sanctions/sanctions-against-russia-and-belarus/eu-vessel-designations,true,true,false,false,false,high,EU designated vessel
HUIHAI PACIFIC,9346732,,,EU_Annex_XLII,https://www.dma.dk/growth-and-framework-conditions/maritime-sanctions/sanctions-against-russia-and-belarus/eu-vessel-designations,true,true,false,false,false,high,EU designated vessel
KUDOS STARS,9288710,,,EU_Annex_XLII,https://www.dma.dk/growth-and-framework-conditions/maritime-sanctions/sanctions-against-russia-and-belarus/eu-vessel-designations,true,true,false,false,false,high,EU designated vessel
UDAYA,9288746,,,EU_Annex_XLII,https://www.dma.dk/growth-and-framework-conditions/maritime-sanctions/sanctions-against-russia-and-belarus/eu-vessel-designations,true,true,false,false,false,high,EU designated vessel
MEROPE,9281891,,,EU_Annex_XLII,https://www.dma.dk/growth-and-framework-conditions/maritime-sanctions/sanctions-against-russia-and-belarus/eu-vessel-designations,true,true,false,false,false,high,EU designated vessel
PRS OCEAN,9276561,,,EU_Annex_XLII,https://www.dma.dk/growth-and-framework-conditions/maritime-sanctions/sanctions-against-russia-and-belarus/eu-vessel-designations,true,true,false,false,false,high,EU designated vessel
AURO,9288708,,,EU_Annex_XLII,https://www.dma.dk/growth-and-framework-conditions/maritime-sanctions/sanctions-against-russia-and-belarus/eu-vessel-designations,true,true,false,false,false,high,formerly Stratos Aurora
MERCURY,9321706,,,EU_Annex_XLII,https://www.dma.dk/growth-and-framework-conditions/maritime-sanctions/sanctions-against-russia-and-belarus/eu-vessel-designations,true,true,false,false,false,high,EU designated vessel
NEER 1,9224283,,,EU_Annex_XLII,https://www.dma.dk/growth-and-framework-conditions/maritime-sanctions/sanctions-against-russia-and-belarus/eu-vessel-designations,true,true,false,false,false,high,formerly Kapal Cantik
KIWALA,9332810,,,EU_Annex_XLII,https://www.dma.dk/growth-and-framework-conditions/maritime-sanctions/sanctions-against-russia-and-belarus/eu-vessel-designations,true,true,false,false,false,high,EU designated vessel
ANDAMAN SKIES,9288693,,,EU_Annex_XLII,https://www.dma.dk/growth-and-framework-conditions/maritime-sanctions/sanctions-against-russia-and-belarus/eu-vessel-designations,true,true,false,false,false,high,EU designated vessel
VOYAGER,9843560,,,EU_Annex_XLII,https://www.dma.dk/growth-and-framework-conditions/maritime-sanctions/sanctions-against-russia-and-belarus/eu-vessel-designations,true,true,false,false,false,high,EU designated vessel
KARELIYA,9306782,,,EU_AnnEX_XLII,https://www.dma.dk/growth-and-framework-conditions/maritime-sanctions/sanctions-against-russia-and-belarus/eu-vessel-designations,true,true,false,false,false,high,EU designated vessel
KAZAN,9258002,,,EU_Annex_XLII,https://www.dma.dk/growth-and-framework-conditions/maritime-sanctions/sanctions-against-russia-and-belarus/eu-vessel-designations,true,true,false,false,false,high,EU designated vessel
KOTLAS,9299719,,,EU_Annex_XLII,https://www.dma.dk/growth-and-framework-conditions/maritime-sanctions/sanctions-against-russia-and-belarus/eu-vessel-designations,true,true,false,false,false,high,EU designated vessel
LIGOVSKY PROSPECT,9256066,,,EU_Annex_XLII,https://www.dma.dk/growth-and-framework-conditions/maritime-sanctions/sanctions-against-russia-and-belarus/eu-vessel-designations,true,true,false,false,false,high,EU designated vessel
NS LEADER,9339301,,,EU_Annex_XLII,https://www.dma.dk/growth-and-framework-conditions/maritime-sanctions/sanctions-against-russia-and-belarus/eu-vessel-designations,true,true,false,false,false,high,EU designated vessel
PROSPERITY,9322956,,,EU_Annex_XLII,https://www.dma.dk/growth-and-framework-conditions/maritime-sanctions/sanctions-against-russia-and-belarus/eu-vessel-designations,true,true,false,false,false,high,formerly NS Pride
SAPPHIRE,9309576,,,EU_Annex_XLII,https://www.dma.dk/growth-and-framework-conditions/maritime-sanctions/sanctions-against-russia-and-belarus/eu-vessel-designations,true,true,false,false,false,high,formerly NS Silver
PACIFIC,9329667,,,EU_Annex_XLII,https://www.dma.dk/growth-and-framework-conditions/maritime-sanctions/sanctions-against-russia-and-belarus/eu-vessel-designations,true,true,false,false,false,high,EU designated vessel
PRIMORYE,9421960,,,EU_Annex_XLII,https://www.dma.dk/growth-and-framework-conditions/maritime-sanctions/sanctions-against-russia-and-belarus/eu-vessel-designations,true,true,false,false,false,high,EU designated vessel
SHTURMAN ALBANOV,9752084,,,EU_Annex_XLII,https://www.dma.dk/growth-and-framework-conditions/maritime-sanctions/sanctions-against-russia-and-belarus/eu-vessel-designations,true,true,false,false,false,high,EU designated vessel
SYMPHONY,9309588,,,EU_Annex_XLII,https://www.dma.dk/growth-and-framework-conditions/maritime-sanctions/sanctions-against-russia-and-belarus/eu-vessel-designations,true,true,false,false,false,high,EU designated vessel
NOCTIS,9258868,,,EU_Annex_XLII,https://www.dma.dk/growth-and-framework-conditions/maritime-sanctions/sanctions-against-russia-and-belarus/eu-vessel-designations,true,true,false,false,false,high,formerly Luna; Asher
CARL,9288851,,,EU_Annex_XLII,https://www.dma.dk/growth-and-framework-conditions/maritime-sanctions/sanctions-against-russia-and-belarus/eu-vessel-designations,true,true,false,false,false,high,EU designated vessel
DELIVER,9194983,,,EU_Annex_XLII,https://www.dma.dk/growth-and-framework-conditions/maritime-sanctions/sanctions-against-russia-and-belarus/eu-vessel-designations,true,true,false,false,false,high,EU designated vessel
FACCA,9271951,,,EU_Annex_XLII,https://www.dma.dk/growth-and-framework-conditions/maritime-sanctions/sanctions-against-russia-and-belarus/eu-vessel-designations,true,true,false,false,false,high,EU designated vessel
AQUA TITAN,9332781,,,EU_Annex_XLII,https://www.dma.dk/growth-and-framework-conditions/maritime-sanctions/sanctions-against-russia-and-belarus/eu-vessel-designations,true,true,false,false,false,high,formerly Lang Ya
MINERVA M,9282479,,,EU_Annex_XLII,https://www.dma.dk/growth-and-framework-conditions/maritime-sanctions/sanctions-against-russia-and-belarus/eu-vessel-designations,true,true,false,false,false,high,EU designated vessel
MOTI,9281011,,,EU_Annex_XLII,https://www.dma.dk/growth-and-framework-conditions/maritime-sanctions/sanctions-against-russia-and-belarus/eu-vessel-designations,true,true,false,false,false,high,EU designated vessel
OCEAN FAYE,9321689,,,EU_Annex_XLII,https://www.dma.dk/growth-and-framework-conditions/maritime-sanctions/sanctions-against-russia-and-belarus/eu-vessel-designations,true,true,false,false,false,high,EU designated vessel
PONTUS I,9255660,,,EU_Annex_XLII,https://www.dma.dk/growth-and-framework-conditions/maritime-sanctions/sanctions-against-russia-and-belarus/eu-vessel-designations,true,true,false,false,false,high,EU designated vessel
SEA FIDELITY,9285835,,,EU_Annex_XLII,https://www.dma.dk/growth-and-framework-conditions/maritime-sanctions/sanctions-against-russia-and-belarus/eu-vessel-designations,true,true,false,false,false,high,EU designated vessel
SWIFTSEA RIDER,9318539,,,EU_Annex_XLII,https://www.dma.dk/growth-and-framework-conditions/maritime-sanctions/sanctions-against-russia-and-belarus/eu-vessel-designations,true,true,false,false,false,high,EU designated vessel
AQUATICA,9299769,,,EU_Annex_XLII,https://www.dma.dk/growth-and-framework-conditions/maritime-sanctions/sanctions-against-russia-and-belarus/eu-vessel-designations,true,true,false,false,false,high,EU designated vessel
EDERRA,9258026,,,EU_Annex_XLII,https://www.dma.dk/growth-and-framework-conditions/maritime-sanctions/sanctions-against-russia-and-belarus/eu-vessel-designations,true,true,false,false,false,high,EU designated vessel
EVENTIN,9308065,,,EU_Annex_XLII,https://www.dma.dk/growth-and-framework-conditions/maritime-sanctions/sanctions-against-russia-and-belarus/eu-vessel-designations,true,true,false,false,false,critical,EU designated vessel
PRAVASI,9409467,,,EU_Annex_XLII,https://www.dma.dk/growth-and-framework-conditions/maritime-sanctions/sanctions-against-russia-and-belarus/eu-vessel-designations,true,true,false,false,false,high,EU designated vessel
SAURI,9266475,,,EU_Annex_XLII,https://www.dma.dk/growth-and-framework-conditions/maritime-sanctions/sanctions-against-russia-and-belarus/eu-vessel-designations,true,true,false,false,false,high,EU designated vessel
TEMIRO,9209972,,,EU_Annex_XLII,https://www.dma.dk/growth-and-framework-conditions/maritime-sanctions/sanctions-against-russia-and-belarus/eu-vessel-designations,true,true,false,false,false,high,EU designated vessel
EAST ENERGY,9216298,,,EU_Annex_XLII,https://www.dma.dk/growth-and-framework-conditions/maritime-sanctions/sanctions-against-russia-and-belarus/eu-vessel-designations,true,true,false,false,false,high,EU designated vessel
ZALIV VOSTOK,9360130,,,EU_Annex_XLII,https://www.dma.dk/growth-and-framework-conditions/maritime-sanctions/sanctions-against-russia-and-belarus/eu-vessel-designations,true,true,false,false,false,high,EU designated vessel
ZALIV ANIVA,9418494,,,EU_Annex_XLII,https://www.dma.dk/growth-and-framework-conditions/maritime-sanctions/sanctions-against-russia-and-belarus/eu-vessel-designations,true,true,false,false,false,high,EU designated vessel
LOKOSAO,9286657,,,EU_Annex_XLII,https://www.dma.dk/growth-and-framework-conditions/maritime-sanctions/sanctions-against-russia-and-belarus/eu-vessel-designations,true,true,false,false,false,high,EU designated vessel
MADHAV,9353096,,,EU_Annex_XLII,https://www.dma.dk/growth-and-framework-conditions/maritime-sanctions/sanctions-against-russia-and-belarus/eu-vessel-designations,true,true,false,false,false,high,EU designated vessel
ATLAS,9413573,,,EU_Annex_XLII,https://www.dma.dk/growth-and-framework-conditions/maritime-sanctions/sanctions-against-russia-and-belarus/eu-vessel-designations,true,true,false,false,false,high,EU designated vessel
METAGAS EVEREST,9243148,,,EU_Annex_XLII,https://www.dma.dk/growth-and-framework-conditions/maritime-sanctions/sanctions-against-russia-and-belarus/eu-vessel-designations,true,true,false,false,false,high,EU designated vessel
T CEREAL,9286073,,,EU_Annex_XLII,https://www.dma.dk/growth-and-framework-conditions/maritime-sanctions/sanctions-against-russia-and-belarus/eu-vessel-designations,true,true,false,false,false,high,formerly Rolin
VIKTOR BAKAEV,9610810,,,EU_Annex_XLII,https://www.dma.dk/growth-and-framework-conditions/maritime-sanctions/sanctions-against-russia-and-belarus/eu-vessel-designations,true,true,false,false,false,high,EU designated vessel
FIORA,9282493,,,EU_Annex_XLII,https://www.dma.dk/growth-and-framework-conditions/maritime-sanctions/sanctions-against-russia-and-belarus/eu-vessel-designations,true,true,false,false,false,high,EU designated vessel
NOBLE,9333400,,,EU_Annex_XLII,https://www.dma.dk/growth-and-framework-conditions/maritime-sanctions/sanctions-against-russia-and-belarus/eu-vessel-designations,true,true,false,false,false,high,EU designated vessel
UNITY,9388792,,,EU_Annex_XLII,https://www.dma.dk/growth-and-framework-conditions/maritime-sanctions/sanctions-against-russia-and-belarus/eu-vessel-designations,true,true,false,false,false,high,EU designated vessel
SIKAR,9419137,,,EU_Annex_XLII,https://www.dma.dk/growth-and-framework-conditions/maritime-sanctions/sanctions-against-russia-and-belarus/eu-vessel-designations,true,true,false,false,false,high,EU designated vessel
ANATOLY KOLODKIN,9610808,,,EU_Annex_XLII,https://www.dma.dk/growth-and-framework-conditions/maritime-sanctions/sanctions-against-russia-and-belarus/eu-vessel-designations,true,true,false,false,false,high,EU designated vessel
WILMA II,9247431,,,EU_Annex_XLII,https://www.dma.dk/growth-and-framework-conditions/maritime-sanctions/sanctions-against-russia-and-belarus/eu-vessel-designations,true,true,false,false,false,high,EU designated vessel
LORENA GRAND,9288899,,,EU_Annex_XLII,https://www.dma.dk/growth-and-framework-conditions/maritime-sanctions/sanctions-against-russia-and-belarus/eu-vessel-designations,true,true,false,false,false,high,EU designated vessel
CORUM,9544281,,,EU_Annex_XLII,https://www.dma.dk/growth-and-framework-conditions/maritime-sanctions/sanctions-against-russia-and-belarus/eu-vessel-designations,true,true,false,false,false,high,EU designated vessel
XIWANG,9317949,,,EU_Annex_XLII,https://www.dma.dk/growth-and-framework-conditions/maritime-sanctions/sanctions-against-russia-and-belarus/eu-vessel-designations,true,true,false,false,false,high,EU designated vessel
AZURE CELESTE,9288722,,,EU_Annex_XLII,https://www.dma.dk/growth-and-framework-conditions/maritime-sanctions/sanctions-against-russia-and-belarus/eu-vessel-designations,true,true,false,false,false,high,EU designated vessel
ARIA,9397559,,,EU_Annex_XLII,https://www.dma.dk/growth-and-framework-conditions/maritime-sanctions/sanctions-against-russia-and-belarus/eu-vessel-designations,true,true,false,false,false,high,EU designated vessel
MITZEL,9233741,,,EU_Annex_XLII,https://www.dma.dk/growth-and-framework-conditions/maritime-sanctions/sanctions-against-russia-and-belarus/eu-vessel-designations,true,true,false,false,false,high,formerly Olivia
NAN FENG ZHI XING,9934498,,,EU_Annex_XLII,https://www.dma.dk/growth-and-framework-conditions/maritime-sanctions/sanctions-against-russia-and-belarus/eu-vessel-designations,true,true,false,false,false,high,EU designated vessel
TONG YUAN,9638197,,,EU_Annex_XLII,https://www.dma.dk/growth-and-framework-conditions/maritime-sanctions/sanctions-against-russia-and-belarus/eu-vessel-designations,true,true,false,false,false,high,EU designated vessel
OCEAN 28,1021570,,,EU_Annex_XLII,https://www.dma.dk/growth-and-framework-conditions/maritime-sanctions/sanctions-against-russia-and-belarus/eu-vessel-designations,true,true,false,false,false,high,EU designated vessel
VLADIMIR ASENYEV,9901025,,,EU_Annex_XLII,https://www.dma.dk/growth-and-framework-conditions/maritime-sanctions/sanctions-against-russia-and-belarus/eu-vessel-designations,true,true,false,false,false,high,EU designated vessel
SI HE,9378618,,,EU_Annex_XLII,https://www.dma.dk/growth-and-framework-conditions/maritime-sanctions/sanctions-against-russia-and-belarus/eu-vessel-designations,true,true,false,false,false,high,EU designated vessel
LOTUS,9392822,,,EU_Annex_XLII,https://www.dma.dk/growth-and-framework-conditions/maritime-sanctions/sanctions-against-russia-and-belarus/eu-vessel-designations,true,true,false,false,false,high,formerly Himalayan
ASCENDANT,9248801,,,EU_Annex_XLII,https://www.dma.dk/growth-and-framework-conditions/maritime-sanctions/sanctions-against-russia-and-belarus/eu-vessel-designations,true,true,false,false,false,high,EU designated vessel
TALISMAN,9292060,,,EU_Annex_XLII,https://www.dma.dk/growth-and-framework-conditions/maritime-sanctions/sanctions-against-russia-and-belarus/eu-vessel-designations,true,true,false,false,false,high,EU designated vessel
HYPERION,9322968,,,EU_Annex_XLII,https://www.dma.dk/growth-and-framework-conditions/maritime-sanctions/sanctions-against-russia-and-belarus/eu-vessel-designations,true,true,false,false,false,high,EU designated vessel
SATURN I,9655470,,,EU_Annex_XLII,https://www.dma.dk/growth-and-framework-conditions/maritime-sanctions/sanctions-against-russia-and-belarus/eu-vessel-designations,true,true,false,false,false,high,EU designated vessel
VOLGA RIVER,9435363,,,EU_Annex_XLII,https://www.dma.dk/growth-and-framework-conditions/maritime-sanctions/sanctions-against-russia-and-belarus/eu-vessel-designations,true,true,false,false,false,high,EU designated vessel
IRTYSH RIVER,9435375,,,EU_Annex_XLII,https://www.dma.dk/growth-and-framework-conditions/maritime-sanctions/sanctions-against-russia-and-belarus/eu-vessel-designations,true,true,false,false,false,high,EU designated vessel
VF TANKER-3,9640516,,,EU_Annex_XLII,https://www.dma.dk/growth-and-framework-conditions/maritime-sanctions/sanctions-against-russia-and-belarus/eu-vessel-designations,true,true,false,false,false,high,EU designated vessel
VF TANKER-4,9640528,,,EU_Annex_XLII,https://www.dma.dk/growth-and-framework-conditions/maritime-sanctions/sanctions-against-russia-and-belarus/eu-vessel-designations,true,true,false,false,false,high,EU designated vessel
KUPAVA,9749154,,,EU_Annex_XLII,https://www.dma.dk/growth-and-framework-conditions/maritime-sanctions/sanctions-against-russia-and-belarus/eu-vessel-designations,true,true,false,false,false,high,EU designated vessel
CILICIA,9171175,,,EU_Annex_XLII,https://www.dma.dk/growth-and-framework-conditions/maritime-sanctions/sanctions-against-russia-and-belarus/eu-vessel-designations,true,true,false,false,false,high,EU designated vessel
TAIMYR,9105140,,,EU_Annex_XLII,https://www.dma.dk/growth-and-framework-conditions/maritime-sanctions/sanctions-against-russia-and-belarus/eu-vessel-designations,true,true,false,false,false,high,EU designated vessel
SAVITRI,9289752,,,EU_Annex_XLII,https://www.dma.dk/growth-and-framework-conditions/maritime-sanctions/sanctions-against-russia-and-belarus/eu-vessel-designations,true,true,false,false,false,high,EU designated vessel
AGNES,9314167,,,EU_Annex_XLII,https://www.dma.dk/growth-and-framework-conditions/maritime-sanctions/sanctions-against-russia-and-belarus/eu-vessel-designations,true,true,false,false,false,high,EU designated vessel
EASTERN PEARL,9285859,,,EU_Annex_XLII,https://www.dma.dk/growth-and-framework-conditions/maritime-sanctions/sanctions-against-russia-and-belarus/eu-vessel-designations,true,true,false,false,false,high,EU designated vessel
STARLIT,9257022,,,EU_Annex_XLII,https://www.dma.dk/growth-and-framework-conditions/maritime-sanctions/sanctions-against-russia-and-belarus/eu-vessel-designations,true,true,false,false,false,high,EU designated vessel
BENEDICT,9293155,,,EU_Annex_XLII,https://www.dma.dk/growth-and-framework-conditions/maritime-sanctions/sanctions-against-russia-and-belarus/eu-vessel-designations,true,true,false,false,false,high,formerly Junia
DMITRY POKROVSKY,9683726,,,EU_Annex_XLII,https://www.dma.dk/growth-and-framework-conditions/maritime-sanctions/sanctions-against-russia-and-belarus/eu-vessel-designations,true,true,false,false,false,high,EU designated vessel
SOUL,9263203,,,EU_Annex_XLII,https://www.dma.dk/growth-and-framework-conditions/maritime-sanctions/sanctions-against-russia-and-belarus/eu-vessel-designations,true,true,false,false,false,high,EU designated vessel
FAST KATHY,9408205,,,EU_Annex_XLII,https://www.dma.dk/growth-and-framework-conditions/maritime-sanctions/sanctions-against-russia-and-belarus/eu-vessel-designations,true,true,false,false,false,high,EU designated vessel
FULGER,9326718,,,EU_Annex_XLII,https://www.dma.dk/growth-and-framework-conditions/maritime-sanctions/sanctions-against-russia-and-belarus/eu-vessel-designations,true,true,false,false,false,high,EU designated vessel
HERA,9326720,,,EU_AnnEX_XLII,https://www.dma.dk/growth-and-framework-conditions/maritime-sanctions/sanctions-against-russia-and-belarus/eu-vessel-designations,true,true,false,false,false,high,EU designated vessel
MAINI,9319870,,,EU_Annex_XLII,https://www.dma.dk/growth-and-framework-conditions/maritime-sanctions/sanctions-against-russia-and-belarus/eu-vessel-designations,true,true,false,false,false,high,EU designated vessel
OLYMPUS,9511387,,,EU_Annex_XLII,https://www.dma.dk/growth-and-framework-conditions/maritime-sanctions/sanctions-against-russia-and-belarus/eu-vessel-designations,true,true,false,false,false,high,EU designated vessel
GARASAN,9323986,,,EU_Annex_XLII,https://www.dma.dk/growth-and-framework-conditions/maritime-sanctions/sanctions-against-russia-and-belarus/eu-vessel-designations,true,true,false,false,false,high,EU designated vessel
HENG TAI,9419448,,,EU_Annex_XLII,https://www.dma.dk/growth-and-framework-conditions/maritime-sanctions/sanctions-against-russia-and-belarus/eu-vessel-designations,true,true,false,false,false,high,EU designated vessel
KOALA,9234642,,,EU_Annex_XLII,https://www.dma.dk/growth-and-framework-conditions/maritime-sanctions/sanctions-against-russia-and-belarus/eu-vessel-designations,true,true,false,false,false,high,EU designated vessel
KOEN,9199127,,,EU_Annex_XLII,https://www.dma.dk/growth-and-framework-conditions/maritime-sanctions/sanctions-against-russia-and-belarus/eu-vessel-designations,true,true,false,false,false,high,EU designated vessel
MA JIN,9346744,,,EU_Annex_XLII,https://www.dma.dk/growth-and-framework-conditions/maritime-sanctions/sanctions-against-russia-and-belarus/eu-vessel-designations,true,true,false,false,false,high,EU designated vessel
MERU,9187227,,,EU_Annex_XLII,https://www.dma.dk/growth-and-framework-conditions/maritime-sanctions/sanctions-against-russia-and-belarus/eu-vessel-designations,true,true,false,false,false,high,EU designated vessel
MIN HANG,9257137,,,EU_Annex_XLII,https://www.dma.dk/growth-and-framework-conditions/maritime-sanctions/sanctions-against-russia-and-belarus/eu-vessel-designations,true,true,false,false,false,high,EU designated vessel
PANDA,9284582,,,EU_Annex_XLII,https://www.dma.dk/growth-and-framework-conditions/maritime-sanctions/sanctions-against-russia-and-belarus/eu-vessel-designations,true,true,false,false,false,high,EU designated vessel
ROZMARINE,9250531,,,EU_Annex_XLII,https://www.dma.dk/growth-and-framework-conditions/maritime-sanctions/sanctions-against-russia-and-belarus/eu-vessel-designations,true,true,false,false,false,high,EU designated vessel
SURYA,9388742,,,EU_Annex_XLII,https://www.dma.dk/growth-and-framework-conditions/maritime-sanctions/sanctions-against-russia-and-belarus/eu-vessel-designations,true,true,false,false,false,high,EU designated vessel
THALIA III,9259197,,,EU_Annex_XLII,https://www.dma.dk/growth-and-framework-conditions/maritime-sanctions/sanctions-against-russia-and-belarus/eu-vessel-designations,true,true,false,false,false,high,EU designated vessel
EAGLE S,9329760,,,EU_Annex_XLII,https://www.dma.dk/growth-and-framework-conditions/maritime-sanctions/sanctions-against-russia-and-belarus/eu-vessel-designations,true,true,false,false,false,critical,EU designated vessel
LILY,9294331,,,EU_Annex_XLII,https://www.dma.dk/growth-and-framework-conditions/maritime-sanctions/sanctions-against-russia-and-belarus/eu-vessel-designations,true,true,false,false,false,high,formerly Daban
BERRA,9308821,,,EU_Annex_XLII,https://www.dma.dk/growth-and-framework-conditions/maritime-sanctions/sanctions-against-russia-and-belarus/eu-vessel-designations,true,true,false,false,false,high,EU designated vessel
BUDDHA,9283306,,,EU_Annex_XLII,https://www.dma.dk/growth-and-framework-conditions/maritime-sanctions/sanctions-against-russia-and-belarus/eu-vessel-designations,true,true,false,false,false,high,EU designated vessel
CAI YUN,9437983,,,EU_Annex_XLII,https://www.dma.dk/growth-and-framework-conditions/maritime-sanctions/sanctions-against-russia-and-belarus/eu-vessel-designations,true,true,false,false,false,high,EU designated vessel
CENTURION,9380673,,,EU_Annex_XLII,https://www.dma.dk/growth-and-framework-conditions/maritime-sanctions/sanctions-against-russia-and-belarus/eu-vessel-designations,true,true,false,false,false,high,EU designated vessel
HUANG HE,9306627,,,EU_Annex_XLII,https://www.dma.dk/growth-and-framework-conditions/maritime-sanctions/sanctions-against-russia-and-belarus/eu-vessel-designations,true,true,false,false,false,high,EU designated vessel
LIETO,9389679,,,EU_Annex_XLII,https://www.dma.dk/growth-and-framework-conditions/maritime-sanctions/sanctions-against-russia-and-belarus/eu-vessel-designations,true,true,false,false,false,high,EU designated vessel
MANTA,9424651,,,EU_Annex_XLII,https://www.dma.dk/growth-and-framework-conditions/maritime-sanctions/sanctions-against-russia-and-belarus/eu-vessel-designations,true,true,false,false,false,high,EU designated vessel
RANGLER,9206671,,,EU_Annex_XLII,https://www.dma.dk/growth-and-framework-conditions/maritime-sanctions/sanctions-against-russia-and-belarus/eu-vessel-designations,true,true,false,false,false,high,EU designated vessel
TREND,9231509,,,EU_Annex_XLII,https://www.dma.dk/growth-and-framework-conditions/maritime-sanctions/sanctions-against-russia-and-belarus/eu-vessel-designations,true,true,false,false,false,high,EU designated vessel
YODAN,9304356,,,EU_Annex_XLII,https://www.dma.dk/growth-and-framework-conditions/maritime-sanctions/sanctions-against-russia-and-belarus/eu-vessel-designations,true,true,false,false,false,high,EU designated vessel
MAISHA,9232929,,,EU_Annex_XLII,https://www.dma.dk/growth-and-framework-conditions/maritime-sanctions/sanctions-against-russia-and-belarus/eu-vessel-designations,true,true,false,false,false,high,EU designated vessel
THANE,9237228,,,EU_AnnEX_XLII,https://www.dma.dk/growth-and-framework-conditions/maritime-sanctions/sanctions-against-russia-and-belarus/eu-vessel-designations,true,true,false,false,false,high,EU designated vessel
FUGA BLUEMARINE,9235725,,,EU_Annex_XLII,https://www.dma.dk/growth-and-framework-conditions/maritime-sanctions/sanctions-against-russia-and-belarus/eu-vessel-designations,true,true,false,false,false,high,EU designated vessel
INVICTA,9250543,,,EU_Annex_XLII,https://www.dma.dk/growth-and-framework-conditions/maritime-sanctions/sanctions-against-russia-and-belarus/eu-vessel-designations,true,true,false,false,false,high,EU designated vessel
LALIQUE,9247792,,,EU_Annex_XLII,https://www.dma.dk/growth-and-framework-conditions/maritime-sanctions/sanctions-against-russia-and-belarus/eu-vessel-designations,true,true,false,false,false,high,EU designated vessel
ARGENT,9293002,,,EU_Annex_XLII,https://www.dma.dk/growth-and-framework-conditions/maritime-sanctions/sanctions-against-russia-and-belarus/eu-vessel-designations,true,true,false,false,false,high,formerly Jaguar
JUMBO,9290335,,,EU_Annex_XLII,https://www.dma.dk/growth-and-framework-conditions/maritime-sanctions/sanctions-against-russia-and-belarus/eu-vessel-designations,true,true,false,false,false,high,EU designated vessel
HATTI,9247883,,,EU_Annex_XLII,https://www.dma.dk/growth-and-framework-conditions/maritime-sanctions/sanctions-against-russia-and-belarus/eu-vessel-designations,true,true,false,false,false,high,EU designated vessel
QUARTANUS,9247443,,,EU_Annex_XLII,https://www.dma.dk/growth-and-framework-conditions/maritime-sanctions/sanctions-against-russia-and-belarus/eu-vessel-designations,true,true,false,false,false,high,formerly Morpheus
SAATHI,9402732,,,EU_Annex_XLII,https://www.dma.dk/growth-and-framework-conditions/maritime-sanctions/sanctions-against-russia-and-belarus/eu-vessel-designations,true,true,false,false,false,high,formerly Onrim
IZOLA,9249312,,,EU_Annex_XLII,https://www.dma.dk/growth-and-framework-conditions/maritime-sanctions/sanctions-against-russia-and-belarus/eu-vessel-designations,true,true,false,false,false,high,EU designated vessel
DAPHNE I,9251456,,,EU_Annex_XLII,https://www.dma.dk/growth-and-framework-conditions/maritime-sanctions/sanctions-against-russia-and-belarus/eu-vessel-designations,true,true,false,false,false,high,EU designated vessel
NURKEZ,9253325,,,EU_Annex_XLII,https://www.dma.dk/growth-and-framework-conditions/maritime-sanctions/sanctions-against-russia-and-belarus/eu-vessel-designations,true,true,false,false,false,high,EU designated vessel
CARCHARODON,9258882,,,EU_Annex_XLII,https://www.dma.dk/growth-and-framework-conditions/maritime-sanctions/sanctions-against-russia-and-belarus/eu-vessel-designations,true,true,false,false,false,high,EU designated vessel
SEZAR,9259991,,,EU_Annex_XLII,https://www.dma.dk/growth-and-framework-conditions/maritime-sanctions/sanctions-against-russia-and-belarus/eu-vessel-designations,true,true,false,false,false,high,EU designated vessel
FRUNZE,9263643,,,EU_Annex_XLII,https://www.dma.dk/growth-and-framework-conditions/maritime-sanctions/sanctions-against-Russia-and-Belarus/eu-vessel-designations,true,true,false,false,false,high,EU designated vessel
FOTUO,9293959,,,EU_Annex_XLII,https://www.dma.dk/growth-and-framework-conditions/maritime-sanctions/sanctions-against-russia-and-belarus/eu-vessel-designations,true,true,false,false,false,high,EU designated vessel
JI SHUN,9384447,,,EU_Annex_XLII,https://www.dma.dk/growth-and-framework-conditions/maritime-sanctions/sanctions-against-russia-and-belarus/eu-vessel-designations,true,true,false,false,false,high,EU designated vessel
SPRING FORTUNE,9386536,,,EU_Annex_XLII,https://www.dma.dk/growth-and-framework-conditions/maritime-sanctions/sanctions-against-russia-and-belarus/eu-vessel-designations,true,true,false,false,false,high,EU designated vessel
ARIADNE,9397547,,,EU_Annex_XLII,https://www.dma.dk/growth-and-framework-conditions/maritime-sanctions/sanctions-against-russia-and-belarus/eu-vessel-designations,true,true,false,false,false,high,EU designated vessel
KATIUSKA,9236004,,,EU_Annex_XLII,https://www.dma.dk/growth-and-framework-conditions/maritime-sanctions/sanctions-against-russia-and-belarus/eu-vessel-designations,true,true,false,false,false,high,EU designated vessel
NEON,9183295,,,EU_Annex_XLII,https://www.dma.dk/growth-and-framework-conditions/maritime-sanctions/sanctions-against-russia-and-belarus/eu-vessel-designations,true,true,false,false,false,high,EU designated vessel
ARABESCA,9288734,,,EU_Annex_XLII,https://www.dma.dk/growth-and-framework-conditions/maritime-sanctions/sanctions-against-russia-and-belarus/eu-vessel-designations,true,true,false,false,false,high,EU designated vessel
ECTOR,9288863,,,EU_AnnEX_XLII,https://www.dma.dk/growth-and-framework-conditions/maritime-sanctions/sanctions-against-russia-and-belarus/eu-vessel-designations,true,true,false,false,false,high,EU designated vessel
BOLOGNIA FALCON,9255244,,,EU_Annex_XLII,https://www.dma.dk/growth-and-framework-conditions/maritime-sanctions/sanctions-against-russia-and-belarus/eu-vessel-designations,true,true,false,false,false,high,EU designated vessel
DEYNA,9299903,,,EU_Annex_XLII,https://www.dma.dk/growth-and-framework-conditions/maritime-sanctions/sanctions-against-russia-and-belarus/eu-vessel-designations,true,true,false,false,false,high,EU designated vessel
AGNI,9337389,,,EU_Annex_XLII,https://www.dma.dk/growth-and-framework-conditions/maritime-sanctions/sanctions-against-russia-and-belarus/eu-vessel-designations,true,true,false,false,false,high,EU designated vessel
ALMOND,9385142,,,EU_Annex_XLII,https://www.dma.dk/growth-and-framework-conditions/maritime-sanctions/sanctions-against-russia-and-belarus/eu-vessel-designations,true,true,false,false,false,high,EU designated vessel
FREDA,9402469,,,EU_Annex_XLII,https://www.dma.dk/growth-and-framework-conditions/maritime-sanctions/sanctions-against-russia-and-belarus/eu-vessel-designations,true,true,false,false,false,high,EU designated vessel
TRIUMPH,9344033,,,EU_Annex_XLII,https://www.dma.dk/growth-and-framework-conditions/maritime-sanctions/sanctions-against-russia-and-belarus/eu-vessel-designations,true,true,false,false,false,high,EU designated vessel
TURACO,9247780,,,EU_Annex_XLII,https://www.dma.dk/growth-and-framework-conditions/maritime-sanctions/sanctions-against-russia-and-belarus/eu-vessel-designations,true,true,false,false,false,high,EU designated vessel
UNIVERSAL,9384306,,,EU_Annex_XLII,https://www.dma.dk/growth-and-framework-conditions/maritime-sanctions/sanctions-against-russia-and-belarus/eu-vessel-designations,true,true,false,false,false,high,EU designated vessel
AFKADA,9311531,,,EU_Annex_XLII,https://www.dma.dk/growth-and-framework-conditions/maritime-sanctions/sanctions-against-russia-and-belarus/eu-vessel-designations,true,true,false,false,false,high,EU designated vessel
REUS,9253076,,,EU_Annex_XLII,https://www.dma.dk/growth-and-framework-conditions/maritime-sanctions/sanctions-against-russia-and-belarus/eu-vessel-designations,true,true,false,false,false,high,EU designated vessel
ZEVS,9168946,,,EU_Annex_XLII,https://www.dma.dk/growth-and-framework-conditions/maritime-sanctions/sanctions-against-russia-and-belarus/eu-vessel-designations,true,true,false,false,false,critical,EU designated vessel
STELLAR BEVERLY,9208069,,,EU_Annex_XLII,https://www.dma.dk/growth-and-framework-conditions/maritime-sanctions/sanctions-against-russia-and-belarus/eu-vessel-designations,true,true,false,false,false,high,EU designated vessel
ENIGMA,9333412,,,EU_Annex_XLII,https://www.dma.dk/growth-and-framework-conditions/maritime-sanctions/sanctions-against-russia-and-belarus/eu-vessel-designations,true,true,false,false,false,high,EU designated vessel
SILVERA,9248849,,,EU_Annex_XLII,https://www.dma.dk/growth-and-framework-conditions/maritime-sanctions/sanctions-against-russia-and-belarus/eu-vessel-designations,true,true,false,false,false,high,EU designated vessel
NEW POWER,9266853,,,EU_Annex_XLII,https://www.dma.dk/growth-and-framework-conditions/maritime-sanctions/sanctions-against-russia-and-belarus/eu-vessel-designations,true,true,false,false,false,high,EU designated vessel
ARLAN,9227443,,,EU_AnnEX_XLII,https://www.dma.dk/growth-and-framework-conditions/maritime-sanctions/sanctions-against-russia-and-belarus/eu-vessel-designations,true,true,false,false,false,high,EU designated vessel
CLYDE NOBLE,9282792,,,EU_Annex_XLII,https://www.dma.dk/growth-and-framework-conditions/maritime-sanctions/sanctions-against-russia-and-belarus/eu-vessel-designations,true,true,false,false,false,high,EU designated vessel
THYA,9283289,,,EU_Annex_XLII,https://www.dma.dk/growth-and-framework-conditions/maritime-sanctions/sanctions-against-russia-and-belarus/eu-vessel-designations,true,true,false,false,false,high,EU designated vessel
BONIFACY,9284726,,,EU_Annex_XLII,https://www.dma.dk/growth-and-framework-conditions/maritime-sanctions/sanctions-against-russia-and-belarus/eu-vessel-designations,true,true,false,false,false,high,EU designated vessel
VAYU 1,9290517,,,EU_Annex_XLII,https://www.dma.dk/growth-and-framework-conditions/maritime-sanctions/sanctions-against-russia-and-belarus/eu-vessel-designations,true,true,false,false,false,high,EU designated vessel
BEAST,9290921,,,EU_Annex_XLII,https://www.dma.dk/growth-and-framework-conditions/maritime-sanctions/sanctions-against-russia-and-belarus/eu-vessel-designations,true,true,false,false,false,high,EU designated vessel
TEAM,9292589,,,EU_Annex_XLII,https://www.dma.dk/growth-and-framework-conditions/maritime-sanctions/sanctions-against-russia-and-belarus/eu-vessel-designations,true,true,false,false,false,high,EU designated vessel
RIGEL,9296406,,,EU_Annex_XLII,https://www.dma.dk/growth-and-framework-conditions/maritime-sanctions/sanctions-against-russia-and-belarus/eu-vessel-designations,true,true,false,false,false,high,EU designated vessel
CANGJIE,9299680,,,EU_Annex_XLII,https://www.dma.dk/growth-and-framework-conditions/maritime-sanctions/sanctions-against-russia-and-belarus/eu-vessel-designations,true,true,false,false,false,high,EU designated vessel
TENDUA,9299862,,,EU_Annex_XLII,https://www.dma.dk/growth-and-framework-conditions/maritime-sanctions/sanctions-against-russia-and-belarus/eu-vessel-designations,true,true,false,false,false,high,EU designated vessel
INA,9308443,,,EU_Annex_XLII,https://www.dma.dk/growth-and-framework-conditions/maritime-sanctions/sanctions-against-russia-and-belarus/eu-vessel-designations,true,true,false,false,false,high,EU designated vessel
NEXT,9286023,,,EU_Annex_XLII,https://www.dma.dk/growth-and-framework-conditions/maritime-sanctions/sanctions-against-russia-and-belarus/eu-vessel-designations,true,true,false,false,false,high,EU designated vessel
VAULT,9310707,,,EU_Annex_XLII,https://www.dma.dk/growth-and-framework-conditions/maritime-sanctions/sanctions-against-russia-and-belarus/eu-vessel-designations,true,true,false,false,false,high,EU designated vessel
LONG BAI,9388754,,,EU_Annex_XLII,https://www.dma.dk/growth-and-framework-conditions/maritime-sanctions/sanctions-against-russia-and-belarus/eu-vessel-designations,true,true,false,false,false,high,EU designated vessel
NIBLO,9332028,,,EU_Annex_XLII,https://www.dma.dk/growth-and-framework-conditions/maritime-sanctions/sanctions-against-russia-and-belarus/eu-vessel-designations,true,true,false,false,false,high,EU designated vessel
OKEAN,9142916,,,EU_Annex_XLII,https://www.dma.dk/growth-and-framework-conditions/maritime-sanctions/sanctions-against-russia-and-belarus/eu-vessel-designations,true,true,false,false,false,high,EU designated vessel
OSTROV RUSSKIY,9087714,,,EU_Annex_XLII,https://www.dma.dk/growth-and-framework-conditions/maritime-sanctions/sanctions-against-russia-and-belarus/eu-vessel-designations,true,true,false,false,false,high,EU designated vessel
SAGAR VIOLET,9292981,,,EU_Annex_XLII,https://www.dma.dk/growth-and-framework-conditions/maritime-sanctions/sanctions-against-russia-and-belarus/eu-vessel-designations,true,true,false,false,false,high,EU designated vessel
ETERNAL PEACE,9259745,,,EU_Annex_XLII,https://www.dma.dk/growth-and-framework-conditions/maritime-sanctions/sanctions-against-russia-and-belarus/eu-vessel-designations,true,true,false,false,false,high,EU designated vessel
LAHAR,9321691,,,EU_Annex_XLII,https://www.dma.dk/growth-and-framework-conditions/maritime-sanctions/sanctions-against-russia-and-belarus/eu-vessel-designations,true,true,false,false,false,high,EU designated vessel
MALAK,9378632,,,EU_Annex_XLII,https://www.dma.dk/growth-and-framework-conditions/maritime-sanctions/sanctions-against-russia-and-belarus/eu-vessel-designations,true,true,false,false,false,high,formerly Ping An
SUN,9293117,,,EU_AnnEX_XLII,https://www.dma.dk/growth-and-framework-conditions/maritime-sanctions/sanctions-against-russia-and-belarus/eu-vessel-designations,true,true,false,false,false,high,EU designated vessel
TAI SHAN,9405057,,,EU_Annex_XLII,https://www.dma.dk/growth-and-framework-conditions/maritime-sanctions/sanctions-against-russia-and-belarus/eu-vessel-designations,true,true,false,false,false,high,EU designated vessel
CARUZO,9137648,,,EU_Annex_XLII,https://www.dma.dk/growth-and-framework-conditions/maritime-sanctions/sanctions-against-russia-and-belarus/eu-vessel-designations,true,true,false,false,false,high,EU designated vessel
FU HAI WAN,9368235,,,EU_Annex_XLII,https://www.dma.dk/growth-and-framework-conditions/maritime-sanctions/sanctions-against-russia-and-belarus/eu-vessel-designations,true,true,false,false,false,high,EU designated vessel
HANNAH,9261619,,,EU_Annex_XLII,https://www.dma.dk/growth-and-framework-conditions/maritime-sanctions/sanctions-against-russia-and-belarus/eu-vessel-designations,true,true,false,false,false,high,EU designated vessel
MISSONI,9296810,,,EU_Annex_XLII,https://www.dma.dk/growth-and-framework-conditions/maritime-sanctions/sanctions-against-russia-and-belarus/eu-vessel-designations,true,true,false,false,false,high,EU designated vessel
ODUNE,9229374,,,EU_Annex_XLII,https://www.dma.dk/growth-and-framework-conditions/maritime-sanctions/sanctions-against-russia-and-belarus/eu-vessel-designations,true,true,false,false,false,high,EU designated vessel
PACIFIC 01,9395379,,,EU_Annex_XLII,https://www.dma.dk/growth-and-framework-conditions/maritime-sanctions/sanctions-against-russia-and-belarus/eu-vessel-designations,true,true,false,false,false,high,EU designated vessel
RAVEN,9205067,,,EU_Annex_XLII,https://www.dma.dk/growth-and-framework-conditions/maritime-sanctions/sanctions-against-russia-and-belarus/eu-vessel-designations,true,true,false,false,false,high,EU designated vessel
SAGITTA,9296822,,,EU_Annex_XLII,https://www.dma.dk/growth-and-framework-conditions/maritime-sanctions/sanctions-against-russia-and-belarus/eu-vessel-designations,true,true,false,false,false,high,EU designated vessel
THORIN,9330472,,,EU_Annex_XLII,https://www.dma.dk/growth-and-framework-conditions/maritime-sanctions/sanctions-against-russia-and-belarus/eu-vessel-designations,true,true,false,false,false,high,EU designated vessel
TOREX,9257814,,,EU_Annex_XLII,https://www.dma.dk/growth-and-framework-conditions/maritime-sanctions/sanctions-against-russia-and-belarus/eu-vessel-designations,true,true,false,false,false,high,EU designated vessel
VELMAR,9832547,,,EU_Annex_XLII,https://www.dma.dk/growth-and-framework-conditions/maritime-sanctions/sanctions-against-russia-and-belarus/eu-vessel-designations,true,true,false,false,false,high,formerly Venture
VIEW,9271327,,,EU_Annex_XLII,https://www.dma.dk/growth-and-framework-conditions/maritime-sanctions/sanctions-against-russia-and-belarus/eu-vessel-designations,true,true,false,false,false,high,formerly Cup
LEOPARD,9284594,,,EU_Annex_XLII,https://www.dma.dk/growth-and-framework-conditions/maritime-sanctions/sanctions-against-russia-and-belarus/eu-vessel-designations,true,true,false,false,false,high,EU designated vessel
SAMSUN,9436006,,,EU_Annex_XLII,https://www.dma.dk/growth-and-framework-conditions/maritime-sanctions/sanctions-against-russia-and-belarus/eu-vessel-designations,true,true,false,false,false,high,EU designated vessel
SPRING,9315446,,,EU_Annex_XLII,https://www.dma.dk/growth-and-framework-conditions/maritime-sanctions/sanctions-against-russia-and-belarus/eu-vessel-designations,true,true,false,false,false,high,EU designated vessel
MAKALU,9314105,,,EU_Annex_XLII,https://www.dma.dk/growth-and-framework-conditions/maritime-sanctions/sanctions-against-russia-and-belarus/eu-vessel-designations,true,true,false,false,false,high,EU designated vessel
VOSTOCHNY PROSPECT,9866392,,,EU_Annex_XLII,https://www.dma.dk/growth-and-framework-conditions/maritime-sanctions/sanctions-against-russia-and-belarus/eu-vessel-designations,true,true,false,false,false,high,EU designated vessel
AKADEMIK GUBKIN,9842190,,,EU_Annex_XLII,https://www.dma.dk/growth-and-framework-conditions/maritime-sanctions/sanctions-against-russia-and-belarus/eu-vessel-designations,true,true,false,false,false,critical,EU designated vessel
VLADIMIR MONOMAKH,9842176,,,EU_Annex_XLII,https://www.dma.dk/growth-and-framework-conditions/maritime-sanctions/sanctions-against-russia-and-belarus/eu-vessel-designations,true,true,false,false,false,critical,EU designated vessel
NIGHT GLORY,9319674,,,EU_Annex_XLII,https://www.dma.dk/growth-and-framework-conditions/maritime-sanctions/sanctions-against-russia-and-belarus/eu-vessel-designations,true,true,false,false,false,high,EU designated vessel
SAKINA,9530917,,,EU_Annex_XLII,https://www.dma.dk/growth-and-framework-conditions/maritime-sanctions/sanctions-against-russia-and-belarus/eu-vessel-designations,true,true,false,false,false,high,EU designated vessel
DESTAMAR,9253894,,,EU_Annex_XLII,https://www.dma.dk/growth-and-framework-conditions/maritime-sanctions/sanctions-against-russia-and-belarus/eu-vessel-designations,true,true,false,false,false,high,EU designated vessel
VANGUARD,9311622,,,EU_Annex_XLII,https://www.dma.dk/growth-and-framework-conditions/maritime-sanctions/sanctions-against-russia-and-belarus/eu-vessel-designations,true,true,false,false,false,high,EU designated vessel
HUIHAI ATLANTIC,9312872,,,EU_Annex_XLII,https://www.dma.dk/growth-and-framework-conditions/maritime-sanctions/sanctions-against-russia-and-belarus/eu-vessel-designations,true,true,false,false,false,high,EU designated vessel
ZALIV BAIKAL,9360128,,,EU_Annex_XLII,https://www.dma.dk/growth-and-framework-conditions/maritime-sanctions/sanctions-against-russia-and-belarus/eu-vessel-designations,true,true,false,false,false,high,EU designated vessel
SAKARYA,9524463,,,EU_Annex_XLII,https://www.dma.dk/growth-and-framework-conditions/maritime-sanctions/sanctions-against-russia-and-belarus/eu-vessel-designations,true,true,false,false,false,high,EU designated vessel
CHEETAH II,9222560,,,EU_Annex_XLII,https://www.dma.dk/growth-and-framework-conditions/maritime-sanctions/sanctions-against-russia-and-belarus/eu-vessel-designations,true,true,false,false,false,high,EU designated vessel
CINDY,9270517,,,EU_Annex_XLII,https://www.dma.dk/growth-and-framework-conditions/maritime-sanctions/sanctions-against-russia-and-belarus/eu-vessel-designations,true,true,false,false,false,high,EU designated vessel
GANGA,9378620,,,EU_Annex_XLII,https://www.dma.dk/growth-and-framework-conditions/maritime-sanctions/sanctions-against-russia-and-belarus/eu-vessel-designations,true,true,false,false,false,high,EU designated vessel
INDRAS,9314894,,,EU_Annex_XLII,https://www.dma.dk/growth-and-framework-conditions/maritime-sanctions/sanctions-against-russia-and-belarus/eu-vessel-designations,true,true,false,false,false,high,EU designated vessel
KOLOMNA,9341093,,,EU_Annex_XLII,https://www.dma.dk/growth-and-framework-conditions/maritime-sanctions/sanctions-against-russia-and-belarus/eu-vessel-designations,true,true,false,false,false,high,EU designated vessel
OCEAN JUPITER,9308170,,,EU_Annex_XLII,https://www.dma.dk/growth-and-framework-conditions/maritime-sanctions/sanctions-against-russia-and-belarus/eu-vessel-designations,true,true,false,false,false,high,EU designated vessel
OCEAN AUTUMN,9379052,,,EU_Annex_XLII,https://www.dma.dk/growth-and-framework-conditions/maritime-sanctions/sanctions-against-russia-and-belarus/eu-vessel-designations,true,true,false,false,false,high,EU designated vessel
MD MIRANDA,9198290,,,EU_Annex_XLII,https://www.dma.dk/growth-and-framework-conditions/maritime-sanctions/sanctions-against-russia-and-belarus/eu-vessel-designations,true,true,false,false,false,high,EU designated vessel
SEABASS,9266750,,,EU_Annex_XLII,https://www.dma.dk/growth-and-framework-conditions/maritime-sanctions/sanctions-against-russia-and-belarus/eu-vessel-designations,true,true,false,false,false,high,EU designated vessel
SKY RIDER,9208124,,,EU_Annex_XLII,https://www.dma.dk/growth-and-framework-conditions/maritime-sanctions/sanctions-against-russia-and-belarus/eu-vessel-designations,true,true,false,false,false,high,EU designated vessel
WALL,9299886,,,EU_Annex_XLII,https://www.dma.dk/growth-and-framework-conditions/maritime-sanctions/sanctions-against-russia-and-belarus/eu-vessel-designations,true,true,false,false,false,high,EU designated vessel
XUE SONG,9428358,,,EU_Annex_XLII,https://www.dma.dk/growth-and-framework-conditions/maritime-sanctions/sanctions-against-russia-and-belarus/eu-vessel-designations,true,true,false,false,false,high,EU designated vessel
ZAMBRA,9175078,,,EU_Annex_XLII,https://www.dma.dk/growth-and-framework-conditions/maritime-sanctions/sanctions-against-russia-and-belarus/eu-vessel-designations,true,true,false,false,false,high,EU designated vessel
TIBURON,9283291,,,EU_Annex_XLII,https://www.dma.dk/growth-and-framework-conditions/maritime-sanctions/sanctions-against-russia-and-belarus/eu-vessel-designations,true,true,false,false,false,high,EU designated vessel
ONYX,9236640,,,EU_Annex_XLII,https://www.dma.dk/growth-and-framework-conditions/maritime-sanctions/sanctions-against-russia-and-belarus/eu-vessel-designations,true,true,false,false,false,high,EU designated vessel
KRUGER,9412995,,,EU_Annex_XLII,https://www.dma.dk/growth-and-framework-conditions/maritime-sanctions/sanctions-against-russia-and-belarus/eu-vessel-designations,true,true,false,false,false,high,EU designated vessel
PARTIZANSK,8700096,273336730,UCUK,EU_Annex_XLII;UK_RUS2799;GUR_ShadowFleet,https://www.dma.dk/growth-and-framework-conditions/maritime-sanctions/sanctions-against-russia-and-belarus/eu-vessel-designations;https://search-uk-sanctions-list.service.gov.uk/designations/RUS2799/Ship;https://war-sanctions.gur.gov.ua/en/transport/shadow-fleet/988,true,true,false,false,true,high,EU designated vessel; UK designated vessel; GUR shadow fleet
name,imo,mmsi,callsign,source_list,source_url,track_sanctions,track_shadowfleet,track_falseflag,track_behavior,track_russian_mmsi,watch_priority,notes
C VIKING,9261657,,,UK_RUS2503,https://content.govdelivery.com/accounts/UKORGESO/bulletins/3dfa799,true,true,false,false,false,high,UK designated vessel
SOFIA K,9299123,,,UK_RUS2504,https://content.govdelivery.com/accounts/UKORGESO/bulletins/3dfa799,true,true,false,false,false,high,UK designated vessel
SPRIT,9248796,,,UK_RUS2506,https://content.govdelivery.com/accounts/UKORGESO/bulletins/3dfa799,true,true,false,false,false,high,UK designated vessel
THEMIS,9264570,,,UK_RUS2510,https://content.govdelivery.com/accounts/UKORGESO/bulletins/3dfa799,true,true,false,false,false,high,UK designated vessel
CORDELIA MOON,9297888,,,UK_RUS2516,https://content.govdelivery.com/accounts/UKORGESO/bulletins/3dfa799,true,true,false,false,false,high,UK designated vessel
ELEPHANT,9374868,,,UK_RUS2518,https://content.govdelivery.com/accounts/UKORGESO/bulletins/3dfa799,true,true,false,false,false,high,UK designated vessel
ELISE,9277747,,,UK_RUS2519,https://content.govdelivery.com/accounts/UKORGESO/bulletins/3dfa799,true,true,false,false,false,high,UK designated vessel
FIESTA,9260823,,,UK_RUS2522,https://content.govdelivery.com/accounts/UKORGESO/bulletins/3dfa799,true,true,false,false,false,high,UK designated vessel
HU PO,9319686,,,UK_RUS2523,https://content.govdelivery.com/accounts/UKORGESO/bulletins/3dfa799,true,true,false,false,false,high,UK designated vessel
INDUS 1,9360415,,,UK_RUS2526,https://content.govdelivery.com/accounts/UKORGESO/bulletins/3dfa799,true,true,false,false,false,high,UK designated vessel
GENJI,9289738,,,UK_RUS2528,https://content.govdelivery.com/accounts/UKORGESO/bulletins/3dfa799,true,true,false,false,false,high,UK designated vessel
BLUE,9236353,,,UK_RUS2533,https://content.govdelivery.com/accounts/UKORGESO/bulletins/3dfa799,true,true,false,false,false,high,UK designated vessel
BLUE TALU,9334557,,,UK_RUS2536,https://content.govdelivery.com/accounts/UKORGESO/bulletins/3dfa799,true,true,false,false,false,high,UK designated vessel
DENEB,9301524,,,UK_RUS2545,https://content.govdelivery.com/accounts/UKORGESO/bulletins/3dfa799,true,true,false,false,false,high,UK designated vessel
E MEI SHAN,9290828,,,UK_RUS2546,https://content.govdelivery.com/accounts/UKORGESO/bulletins/3dfa799,true,true,false,false,false,high,UK designated vessel
EAST 1,9240885,,,UK_RUS2547,https://content.govdelivery.com/accounts/UKORGESO/bulletins/3dfa799,true,true,false,false,false,high,UK designated vessel
GAURI,9270749,,,UK_RUS2548,https://content.govdelivery.com/accounts/UKORGESO/bulletins/3dfa799,true,true,false,false,false,high,UK designated vessel
GURUDEV,9253234,,,UK_RUS2549,https://content.govdelivery.com/accounts/UKORGESO/bulletins/3dfa799,true,true,false,false,false,high,UK designated vessel
VENUS III,9599353,,,UK_RUS2552,https://content.govdelivery.com/accounts/UKORGESO/bulletins/3dfa799,true,true,false,false,false,high,UK designated vessel
VOLANS,9422988,,,UK_RUS2553,https://content.govdelivery.com/accounts/UKORGESO/bulletins/3dfa799,true,true,false,false,false,high,UK designated vessel
WUDI,9335094,,,UK_RUS2555,https://content.govdelivery.com/accounts/UKORGESO/bulletins/3dfa799,true,true,false,false,false,high,UK designated vessel
WU TAI,9419151,,,UK_RUS2558,https://content.govdelivery.com/accounts/UKORGESO/bulletins/3dfa799,true,true,false,false,false,high,UK designated vessel
XING CHEN,9550682,,,UK_RUS2560,https://content.govdelivery.com/accounts/UKORGESO/bulletins/3dfa799,true,true,false,false,false,high,UK designated vessel
YI TONG,9259733,,,UK_RUS2562,https://content.govdelivery.com/accounts/UKORGESO/bulletins/3dfa799,true,true,false,false,false,high,UK designated vessel
SOFOS,9278064,,,UK_RUS2567,https://content.govdelivery.com/accounts/UKORGESO/bulletins/3dfa799,true,true,false,false,false,high,UK designated vessel
HIMALAYA,9314882,,,UK_RUS2568,https://content.govdelivery.com/accounts/UKORGESO/bulletins/3dfa799,true,true,false,false,false,high,UK designated vessel
JI LI I,9384435,,,UK_RUS2572,https://content.govdelivery.com/accounts/UKORGESO/bulletins/3dfa799,true,true,false,false,false,high,UK designated vessel
VENETIANS,9436018,,,UK_RUS2574,https://content.govdelivery.com/accounts/UKORGESO/bulletins/3dfa799,true,true,false,false,false,high,UK designated vessel
KUSTO,9308833,,,UK_RUS2575,https://content.govdelivery.com/accounts/UKORGESO/bulletins/3dfa799,true,true,false,false,false,high,UK designated vessel
LUCKY FAIRY,9348479,,,UK_RUS2578,https://content.govdelivery.com/accounts/UKORGESO/bulletins/3dfa799,true,true,false,false,false,high,UK designated vessel
ZANGAZUR,9420617,,,UK_RUS2579,https://content.govdelivery.com/accounts/UKORGESO/bulletins/3dfa799,true,true,false,false,false,high,UK designated vessel
CHANDRA,9353125,,,UK_RUS2582,https://content.govdelivery.com/accounts/UKORGESO/bulletins/3dfa799,true,true,false,false,false,high,UK designated vessel
ATLANTICOS,9282986,,,UK_RUS2584,https://content.govdelivery.com/accounts/UKORGESO/bulletins/3dfa799,true,true,false,false,false,high,UK designated vessel
AKAR WEST,9258167,,,UK_RUS2586,https://content.govdelivery.com/accounts/UKORGESO/bulletins/3dfa799,true,true,false,false,false,high,UK designated vessel
AQUARIUS II,9346873,,,UK_RUS2588,https://content.govdelivery.com/accounts/UKORGESO/bulletins/3dfa799,true,true,false,false,false,high,UK designated vessel
SAINT,9263198,,,UK_RUS2590,https://content.govdelivery.com/accounts/UKORGESO/bulletins/3dfa799,true,true,false,false,false,high,UK designated vessel
SANDHYA,9352195,,,UK_RUS2591,https://content.govdelivery.com/accounts/UKORGESO/bulletins/3dfa799,true,true,false,false,false,high,UK designated vessel
SEA MARINE I,9255830,,,UK_RUS2593,https://content.govdelivery.com/accounts/UKORGESO/bulletins/3dfa799,true,true,false,false,false,high,UK designated vessel
SEA MAVERICK,9265885,,,UK_RUS2594,https://content.govdelivery.com/accounts/UKORGESO/bulletins/3dfa799,true,true,false,false,false,high,UK designated vessel
SEAL,9263186,,,UK_RUS2595,https://content.govdelivery.com/accounts/UKORGESO/bulletins/3dfa799,true,true,false,false,false,high,UK designated vessel
SEALION I,9234501,,,UK_RUS2597,https://content.govdelivery.com/accounts/UKORGESO/bulletins/3dfa799,true,true,false,false,false,high,UK designated vessel
MAISAN,9289776,,,UK_RUS2598,https://content.govdelivery.com/accounts/UKORGESO/bulletins/3dfa799,true,true,false,false,false,high,UK designated vessel
SHAANXI,9338905,,,UK_RUS2600,https://content.govdelivery.com/accounts/UKORGESO/bulletins/3dfa799,true,true,false,false,false,high,UK designated vessel
MARBLE,9323974,,,UK_RUS2603,https://content.govdelivery.com/accounts/UKORGESO/bulletins/3dfa799,true,true,false,false,false,high,UK designated vessel
MILLEROVO,9035541,,,UK_RUS2605,https://content.govdelivery.com/accounts/UKORGESO/bulletins/3dfa799,true,true,false,false,false,high,UK designated vessel
NACHOS,9330604,,,UK_RUS2607,https://content.govdelivery.com/accounts/UKORGESO/bulletins/3dfa799,true,true,false,false,false,high,UK designated vessel
NARCISSUS,9232931,,,UK_RUS2608,https://content.govdelivery.com/accounts/UKORGESO/bulletins/3dfa799,true,true,false,false,false,high,UK designated vessel
NAXOS,9336426,,,UK_RUS2609,https://content.govdelivery.com/accounts/UKORGESO/bulletins/3dfa799,true,true,false,false,false,high,UK designated vessel
OASIS,9265756,,,UK_RUS2611,https://content.govdelivery.com/accounts/UKORGESO/bulletins/3dfa799,true,true,false,false,false,high,UK designated vessel
OLIVE,9318034,,,UK_RUS2613,https://content.govdelivery.com/accounts/UKORGESO/bulletins/3dfa799,true,true,false,false,false,high,UK designated vessel
PACIFICOS,9288930,,,UK_RUS2614,https://content.govdelivery.com/accounts/UKORGESO/bulletins/3dfa799,true,true,false,false,false,high,UK designated vessel
VENGERY,9451642,,,UK_RUS2615,https://content.govdelivery.com/accounts/UKORGESO/bulletins/3dfa799,true,true,false,false,false,high,UK designated vessel
TOPAZ,9292034,,,GUR_ShadowFleet,https://war-sanctions.gur.gov.ua/en/transport/shadow-fleet,false,true,true,true,false,critical,Shadow fleet; AIS disabling; dark activity; sanctions noted by GUR
TANGO,9292058,,,GUR_ShadowFleet,https://war-sanctions.gur.gov.ua/en/transport/shadow-fleet,false,true,true,true,false,critical,Shadow fleet; AIS disabling; dark activity; sanctions noted by GUR
SIRIUS 1,9285847,,,GUR_ShadowFleet,https://war-sanctions.gur.gov.ua/en/transport/shadow-fleet,false,true,true,true,false,high,Shadow fleet; AIS disabling; risk-linked vessel
PROXIMA,9329655,,,GUR_ShadowFleet,https://war-sanctions.gur.gov.ua/en/transport/shadow-fleet,false,true,false,true,false,high,Shadow fleet; sanctioned-entity affiliation; high-risk transport
PEGASUS,9276028,,,GUR_ShadowFleet,https://war-sanctions.gur.gov.ua/en/transport/shadow-fleet,false,true,false,true,false,high,Associated with sanctioned entities
AMELL,9257993,,,GUR_ShadowFleet,https://war-sanctions.gur.gov.ua/en/transport/shadow-fleet,false,true,true,true,false,critical,Shadow fleet; deceptive high-risk practices; Iranian and Russian oil transport
M SOPHIA,9289477,,,GUR_ShadowFleet,https://war-sanctions.gur.gov.ua/en/transport/shadow-fleet,false,true,true,true,false,critical,STS transfers; AIS disabling; shadow fleet pattern
LAUREN II,9258521,,,GUR_ShadowFleet,https://war-sanctions.gur.gov.ua/en/transport/shadow-fleet,false,true,true,true,false,critical,STS transfer pattern; shadow fleet pattern
OXIS,9224805,,,GUR_ShadowFleet,https://war-sanctions.gur.gov.ua/en/transport/shadow-fleet,false,true,false,true,false,high,Associated with sanctioned entities
IVY,9337133,,,GUR_ShadowFleet,https://war-sanctions.gur.gov.ua/en/transport/shadow-fleet,false,true,false,true,false,high,Associated with sanctioned entities
